{"Eval_AverageReturn": 200.0, "_timestamp": 1720159892.431443, "Eval_StdReturn": 0.0, "Eval_MaxReturn": 200.0, "Eval_MinReturn": 200.0, "Eval_AverageEpLen": 200.0, "Train_AverageReturn": 200.0, "Train_StdReturn": 0.0, "Train_MaxReturn": 200.0, "Train_MinReturn": 200.0, "Train_AverageEpLen": 200.0, "Actor Loss": -0.0, "Train_EnvstepsSoFar": 102750, "TimeSinceStart": 536.0423610210419, "Initial_DataCollection_AverageReturn": 24.380952835083008, "video_0": {"_type": "video-file", "sha256": "6356e4858460c69447cf398d91025c94ebd3ab47206d2939dd2ec2e9520ad3ac", "size": 16021, "path": "media/videos/video_0_100_6356e4858460c69447cf.mp4"}, "_runtime": 541.4697299003601, "_step": 101, "video_1": {"_type": "video-file", "sha256": "262c3f990d619b7d527b3540f0ae3c569077db9024f795cad4d7d32e1ea25a36", "size": 14794, "path": "media/videos/video_1_101_262c3f990d619b7d527b.mp4"}, "_wandb": {"runtime": 541}}