{"video_1": {"_type": "video-file", "sha256": "1d7d0ec1bd5e65d52aa3e07d5c519d10e94d7f997754bde4c4df3bc533403def", "size": 21154, "path": "media/videos/video_1_301_1d7d0ec1bd5e65d52aa3.mp4"}, "_runtime": 3021.103278875351, "Actor Loss": -2.4290049076080322, "Eval_MinReturn": -3.2804489135742188, "Train_MinReturn": -23.344314575195312, "Eval_AverageEpLen": 171.33333333333334, "Eval_AverageReturn": 98.86237335205078, "Baseline Loss": 3394.80224609375, "Train_StdReturn": 110.10568237304688, "Train_AverageEpLen": 169.0, "_step": 301, "video_0": {"_type": "video-file", "sha256": "d2f83739c1c3b61bef0795d6fea1e3b902179b7f95dfa79b6758af5cd1902b7c", "size": 20391, "path": "media/videos/video_0_300_d2f83739c1c3b61bef07.mp4"}, "_timestamp": 1720163584.0074098, "Eval_MaxReturn": 279.430908203125, "TimeSinceStart": 3002.4039504528046, "Train_MaxReturn": 267.29364013671875, "Train_AverageReturn": 97.3740005493164, "Train_EnvstepsSoFar": 647987, "Eval_StdReturn": 128.04783630371094, "Initial_DataCollection_AverageReturn": -179.8070526123047, "_wandb": {"runtime": 3005}}