{"Eval_AverageReturn": 627.9728393554688, "_timestamp": 1720173970.378761, "Eval_StdReturn": 112.3809585571289, "Eval_MaxReturn": 800.50244140625, "Eval_MinReturn": 510.247314453125, "Eval_AverageEpLen": 115.25, "Train_AverageReturn": 670.960205078125, "Train_StdReturn": 149.32041931152344, "Train_MaxReturn": 1798.640625, "Train_MinReturn": 330.22161865234375, "Train_AverageEpLen": 123.60740740740741, "Actor Loss": 0.009317997843027115, "Baseline Loss": 671.78662109375, "Train_EnvstepsSoFar": 11062168, "TimeSinceStart": 7999.823518753052, "Initial_DataCollection_AverageReturn": 110.71631622314453, "video_0": {"_type": "video-file", "sha256": "4009076bc4f0108b7de44c8cac4f1c067c1f5638358497d34a29d958dfcd675c", "size": 4331, "path": "media/videos/video_0_220_4009076bc4f0108b7de4.mp4"}, "_runtime": 8003.3071711063385, "_step": 221, "video_1": {"_type": "video-file", "sha256": "3824b21feedcf6ed69343f0c4b7cb49dc903955fe12b75261c93fb3b1e1f8925", "size": 5141, "path": "media/videos/video_1_221_3824b21feedcf6ed6934.mp4"}}