{"Eval_AverageReturn": 179.6666717529297, "_timestamp": 1720159061.9921718, "Eval_StdReturn": 15.62761116027832, "Eval_MaxReturn": 200.0, "Eval_MinReturn": 162.0, "Eval_AverageEpLen": 179.66666666666666, "Train_AverageReturn": 183.6666717529297, "Train_StdReturn": 25.798362731933594, "Train_MaxReturn": 200.0, "Train_MinReturn": 128.0, "Train_AverageEpLen": 183.66666666666666, "Actor Loss": 68.43843841552734, "Train_EnvstepsSoFar": 105591, "TimeSinceStart": 61.247493743896484, "Initial_DataCollection_AverageReturn": 21.826086044311523, "_runtime": 64.82504868507385, "_step": 100, "_wandb": {"runtime": 63}}