{"Eval_AverageReturn": 200.0, "_timestamp": 1720160813.7275288, "Eval_StdReturn": 0.0, "Eval_MaxReturn": 200.0, "Eval_MinReturn": 200.0, "Eval_AverageEpLen": 200.0, "Train_AverageReturn": 200.0, "Train_StdReturn": 0.0, "Train_MaxReturn": 200.0, "Train_MinReturn": 200.0, "Train_AverageEpLen": 200.0, "Actor Loss": 64.60628509521484, "Train_EnvstepsSoFar": 409694, "TimeSinceStart": 1366.3978595733643, "Initial_DataCollection_AverageReturn": 25.531644821166992, "video_0": {"_type": "video-file", "sha256": "b295aa39cd54537f0a85389e1dc7161b3080decfd908a7e4bc5826218bd4b684", "size": 12819, "path": "media/videos/video_0_100_b295aa39cd54537f0a85.mp4"}, "_runtime": 1373.4132168293, "_step": 101, "video_1": {"_type": "video-file", "sha256": "6f1202d03e276e4566642ea72be4a6cfac7af1c1e4c540cf7ea88016e457ff87", "size": 12275, "path": "media/videos/video_1_101_6f1202d03e276e456664.mp4"}, "_wandb": {"runtime": 1374}}