{"Eval_AverageReturn": 121.0, "_timestamp": 1720159867.0175567, "Eval_StdReturn": 7.516648292541504, "Eval_MaxReturn": 132.0, "Eval_MinReturn": 111.0, "Eval_AverageEpLen": 121.0, "Train_AverageReturn": 125.25, "Train_StdReturn": 3.1523799896240234, "Train_MaxReturn": 129.0, "Train_MinReturn": 118.0, "Train_AverageEpLen": 125.25, "Actor Loss": 17.262325286865234, "Train_EnvstepsSoFar": 107803, "TimeSinceStart": 516.5562648773193, "Initial_DataCollection_AverageReturn": 20.571428298950195, "video_0": {"_type": "video-file", "sha256": "3e389b28afc61e6fd2f8f5df1be765f7ce9c377f7307b236a40c996c13cdf532", "size": 11575, "path": "media/videos/video_0_100_3e389b28afc61e6fd2f8.mp4"}, "_runtime": 521.1924705505371, "_step": 101, "video_1": {"_type": "video-file", "sha256": "0dfa25fe190576496eb12c8bffc658fb8b8bca63c05c81803914158fe47621b9", "size": 10921, "path": "media/videos/video_1_101_0dfa25fe190576496eb1.mp4"}, "_wandb": {"runtime": 521}}