{"Eval_AverageReturn": 349.3185729980469, "_timestamp": 1720165812.080903, "Eval_StdReturn": 84.04624938964844, "Eval_MaxReturn": 516.2373046875, "Eval_MinReturn": 251.4108123779297, "Eval_AverageEpLen": 68.33333333333333, "Train_AverageReturn": 383.3120422363281, "Train_StdReturn": 93.49610137939453, "Train_MaxReturn": 989.775390625, "Train_MinReturn": 210.72772216796875, "Train_AverageEpLen": 75.37349397590361, "Actor Loss": -0.011572211049497128, "Baseline Loss": 620.6419067382812, "Train_EnvstepsSoFar": 500500, "TimeSinceStart": 449.7727704048157, "Initial_DataCollection_AverageReturn": 110.46063232421875, "video_0": {"_type": "video-file", "sha256": "8d701a60cf6380eb0b5a280dd739875886eb2e97f49ee0d94efcbc88791eef56", "size": 45576, "path": "media/videos/video_0_0_8d701a60cf6380eb0b5a.mp4"}, "_runtime": 453.80667901039124, "_step": 9, "video_1": {"_type": "video-file", "sha256": "1cd9cdb7ac24231554175921b5a7e3b32dcf7dccbc40091b8f637fd82c796d18", "size": 58543, "path": "media/videos/video_1_1_1cd9cdb7ac2423155417.mp4"}}