{"Eval_AverageReturn": 23.58823585510254, "_timestamp": 1720158925.024812, "Eval_StdReturn": 8.42306900024414, "Eval_MaxReturn": 41.0, "Eval_MinReturn": 13.0, "Eval_AverageEpLen": 23.58823529411765, "Train_AverageReturn": 21.97916603088379, "Train_StdReturn": 13.97839069366455, "Train_MaxReturn": 98.0, "Train_MinReturn": 10.0, "Train_AverageEpLen": 21.979166666666668, "Actor Loss": 21.11872100830078, "Train_EnvstepsSoFar": 3056, "TimeSinceStart": 2.5034263134002686, "Initial_DataCollection_AverageReturn": 24.414634704589844, "_runtime": 7.246603012084961, "_step": 2}