{"Eval_AverageReturn": 150.3333282470703, "_timestamp": 1720159234.188888, "Eval_StdReturn": 10.842304229736328, "Eval_MaxReturn": 158.0, "Eval_MinReturn": 135.0, "Eval_AverageEpLen": 150.33333333333334, "Train_AverageReturn": 163.2857208251953, "Train_StdReturn": 11.900952339172363, "Train_MaxReturn": 191.0, "Train_MinReturn": 152.0, "Train_AverageEpLen": 163.28571428571428, "Actor Loss": 37.488525390625, "Train_EnvstepsSoFar": 31368, "TimeSinceStart": 40.40106534957886, "Initial_DataCollection_AverageReturn": 21.446807861328125, "video_0": {"_type": "video-file", "sha256": "28837cccec62b4b7057823fedd4d10d5a4606e44e5d8063454652c6ae133221e", "size": 14627, "path": "media/videos/video_0_28_28837cccec62b4b70578.mp4"}, "_runtime": 44.18553900718689, "_step": 29, "video_1": {"_type": "video-file", "sha256": "3400bf2a61bcacfa45728dbd2222b72e689d3204bf627437dd8bbb21bb369353", "size": 16741, "path": "media/videos/video_1_29_3400bf2a61bcacfa4572.mp4"}}