{"Eval_AverageReturn": 582.2293090820312, "_timestamp": 1720165072.0963473, "Eval_StdReturn": 150.2539520263672, "Eval_MaxReturn": 839.8965454101562, "Eval_MinReturn": 462.84521484375, "Eval_AverageEpLen": 106.0, "Train_AverageReturn": 597.5413208007812, "Train_StdReturn": 136.26651000976562, "Train_MaxReturn": 1147.3243408203125, "Train_MinReturn": 293.8421325683594, "Train_AverageEpLen": 109.95824175824175, "Actor Loss": -0.029226182028651237, "Baseline Loss": 826.0501098632812, "Train_EnvstepsSoFar": 3302797, "TimeSinceStart": 4410.01479434967, "Initial_DataCollection_AverageReturn": 110.0955810546875, "video_0": {"_type": "video-file", "sha256": "2b846f68a92335025b2bd35e20dceb3a04bae9f9ad3760c4af1acad86e43a247", "size": 5090, "path": "media/videos/video_0_65_2b846f68a92335025b2b.mp4"}, "_runtime": 4415.208858251572, "_step": 66, "video_1": {"_type": "video-file", "sha256": "47e82e88366456e6346c047d14fe24ac5c2cd5182f24144585c4144fd5877ddc", "size": 3665, "path": "media/videos/video_1_66_47e82e88366456e6346c.mp4"}}