{"Eval_AverageReturn": 161.3333282470703, "_timestamp": 1720160839.9193535, "Eval_StdReturn": 54.682926177978516, "Eval_MaxReturn": 200.0, "Eval_MinReturn": 84.0, "Eval_AverageEpLen": 161.33333333333334, "Train_AverageReturn": 194.76190185546875, "Train_StdReturn": 23.425472259521484, "Train_MaxReturn": 200.0, "Train_MinReturn": 90.0, "Train_AverageEpLen": 194.76190476190476, "Actor Loss": 37.219627380371094, "Train_EnvstepsSoFar": 409042, "TimeSinceStart": 1388.6892442703247, "Initial_DataCollection_AverageReturn": 22.30555534362793, "video_0": {"_type": "video-file", "sha256": "f330257cc9baf813c825149fcb6fea9b0a458a925beba0438c814e91f2adaa02", "size": 15500, "path": "media/videos/video_0_100_f330257cc9baf813c825.mp4"}, "_runtime": 1395.2126274108887, "_step": 101, "video_1": {"_type": "video-file", "sha256": "54eb70996cc56ea79c0948bee58286099eb4e82d0324cd45a17844677135d444", "size": 17490, "path": "media/videos/video_1_101_54eb70996cc56ea79c09.mp4"}, "_wandb": {"runtime": 1396}}