{"Eval_AverageReturn": 200.0, "_timestamp": 1720159812.879929, "Eval_StdReturn": 0.0, "Eval_MaxReturn": 200.0, "Eval_MinReturn": 200.0, "Eval_AverageEpLen": 200.0, "Train_AverageReturn": 200.0, "Train_StdReturn": 0.0, "Train_MaxReturn": 200.0, "Train_MinReturn": 200.0, "Train_AverageEpLen": 200.0, "Actor Loss": 84.64834594726562, "Train_EnvstepsSoFar": 106921, "TimeSinceStart": 467.44565176963806, "Initial_DataCollection_AverageReturn": 21.340425491333008, "video_0": {"_type": "video-file", "sha256": "d35836862e171095d721513f0c0a72b5f493693e49cb52c8a7492b2607a2f4d1", "size": 16755, "path": "media/videos/video_0_100_d35836862e171095d721.mp4"}, "_runtime": 473.08950901031494, "_step": 101, "video_1": {"_type": "video-file", "sha256": "bd39e3362e26a47c1918cc2a60bb7567a90c78239ecdc99e04a301e72eb47c4f", "size": 15993, "path": "media/videos/video_1_101_bd39e3362e26a47c1918.mp4"}, "_wandb": {"runtime": 473}}