{"Eval_AverageReturn": 22.97504425048828, "_timestamp": 1720163564.9210212, "Eval_StdReturn": 0.0, "Eval_MaxReturn": 22.97504425048828, "Eval_MinReturn": 22.97504425048828, "Eval_AverageEpLen": 1000.0, "Train_AverageReturn": -18.364416122436523, "Train_StdReturn": 28.893564224243164, "Train_MaxReturn": 10.52914810180664, "Train_MinReturn": -47.25798034667969, "Train_AverageEpLen": 1000.0, "Actor Loss": 0.7358801364898682, "Baseline Loss": 186.85069274902344, "Train_EnvstepsSoFar": 672839, "TimeSinceStart": 2999.905152320862, "Initial_DataCollection_AverageReturn": -179.8070526123047, "video_0": {"_type": "video-file", "sha256": "267c2a13a1106391828bb4685f4e1f6c3c8d7261268794eb2bf7e868af066de8", "size": 135844, "path": "media/videos/video_0_300_267c2a13a1106391828b.mp4"}, "_runtime": 3012.013223171234, "_step": 301, "video_1": {"_type": "video-file", "sha256": "8ad7ea6f104378641d3ddb2caaaa0dfa08c0d7e870ba4b170764d68469ddc68e", "size": 131528, "path": "media/videos/video_1_301_8ad7ea6f104378641d3d.mp4"}, "_wandb": {"runtime": 3019}}