{"_step": 301, "video_1": {"_type": "video-file", "sha256": "c54f4e60522b2c8dbfafacb5e4fb01cf224a6e024f9240ad6ea9d4dc1dc077e0", "size": 141171, "path": "media/videos/video_1_301_c54f4e60522b2c8dbfaf.mp4"}, "Eval_AverageEpLen": 1000.0, "_timestamp": 1720163740.624495, "Eval_StdReturn": 0.0, "Train_MinReturn": -59.81544494628906, "Train_EnvstepsSoFar": 629718, "_runtime": 3263.6134691238403, "Actor Loss": 0.18629279732704163, "Baseline Loss": 93.36624908447266, "TimeSinceStart": 3244.849907875061, "Eval_AverageReturn": -80.15594482421875, "Initial_DataCollection_AverageReturn": -170.21800231933594, "video_0": {"_type": "video-file", "sha256": "156ceaeadf8878c9b7f6a146dcaba091ade65332e4b24ef4b457d94374d4b116", "size": 143952, "path": "media/videos/video_0_300_156ceaeadf8878c9b7f6.mp4"}, "Eval_MaxReturn": -80.15594482421875, "Eval_MinReturn": -80.15594482421875, "Train_MaxReturn": -46.96246337890625, "Train_StdReturn": 6.426490783691406, "Train_AverageEpLen": 1000.0, "Train_AverageReturn": -53.388954162597656, "_wandb": {"runtime": 3259}}