{"Eval_AverageReturn": 200.0, "_timestamp": 1720160824.2172167, "Eval_StdReturn": 0.0, "Eval_MaxReturn": 200.0, "Eval_MinReturn": 200.0, "Eval_AverageEpLen": 200.0, "Train_AverageReturn": 200.0, "Train_StdReturn": 0.0, "Train_MaxReturn": 200.0, "Train_MinReturn": 200.0, "Train_AverageEpLen": 200.0, "Actor Loss": -0.0, "Train_EnvstepsSoFar": 405276, "TimeSinceStart": 1365.2195115089417, "Initial_DataCollection_AverageReturn": 23.60588264465332, "video_0": {"_type": "video-file", "sha256": "0ff69a2db060e8dea64b13d6a4d181c1a5f705f99a6233fe3fda0fdaca673c19", "size": 13810, "path": "media/videos/video_0_100_0ff69a2db060e8dea64b.mp4"}, "_runtime": 1373.2679648399353, "_step": 101, "video_1": {"_type": "video-file", "sha256": "72d20b189f9341d193b42ed275fe05951b0873cc773df16f1e74eeaaa6118a45", "size": 14205, "path": "media/videos/video_1_101_72d20b189f9341d193b4.mp4"}, "_wandb": {"runtime": 1374}}