{"Eval_AverageReturn": 200.0, "_timestamp": 1720160852.5338717, "Eval_StdReturn": 0.0, "Eval_MaxReturn": 200.0, "Eval_MinReturn": 200.0, "Eval_AverageEpLen": 200.0, "Train_AverageReturn": 200.0, "Train_StdReturn": 0.0, "Train_MaxReturn": 200.0, "Train_MinReturn": 200.0, "Train_AverageEpLen": 200.0, "Actor Loss": 0.009978591464459896, "Train_EnvstepsSoFar": 408063, "TimeSinceStart": 1388.2115173339844, "Initial_DataCollection_AverageReturn": 25.531644821166992, "video_0": {"_type": "video-file", "sha256": "d93c4ee43453839d7be32fbde3f5592d61921a52d6c2a2b02706ad0549f4c396", "size": 14063, "path": "media/videos/video_0_100_d93c4ee43453839d7be3.mp4"}, "_runtime": 1395.7863206863403, "_step": 101, "video_1": {"_type": "video-file", "sha256": "187a3309e01067800db014dbecc57915e9608382379b32cf2c8d1b317b03ca32", "size": 14796, "path": "media/videos/video_1_101_187a3309e01067800db0.mp4"}, "_wandb": {"runtime": 1396}}