{"Eval_AverageReturn": 158.0, "_timestamp": 1720159903.9640167, "Eval_StdReturn": 17.795129776000977, "Eval_MaxReturn": 183.0, "Eval_MinReturn": 143.0, "Eval_AverageEpLen": 158.0, "Train_AverageReturn": 156.57142639160156, "Train_StdReturn": 11.133695602416992, "Train_MaxReturn": 174.0, "Train_MinReturn": 144.0, "Train_AverageEpLen": 156.57142857142858, "Actor Loss": 0.004225554410368204, "Train_EnvstepsSoFar": 105915, "TimeSinceStart": 543.1511402130127, "Initial_DataCollection_AverageReturn": 20.816326141357422, "video_0": {"_type": "video-file", "sha256": "51b77401e42d252dfd89131839a3bcc1656c6dca1053a5bc49c2e081811607d6", "size": 14353, "path": "media/videos/video_0_100_51b77401e42d252dfd89.mp4"}, "_runtime": 548.1108677387238, "_step": 101, "video_1": {"_type": "video-file", "sha256": "39cb0f9764303173bb29d1fa4a93f29f6b0dcbeb0f804ef330540c8b8ba3248b", "size": 14224, "path": "media/videos/video_1_101_39cb0f9764303173bb29.mp4"}, "_wandb": {"runtime": 548}}