{"Eval_AverageReturn": 247.0581817626953, "_timestamp": 1720163436.4357684, "Eval_StdReturn": 12.403244018554688, "Eval_MaxReturn": 259.46142578125, "Eval_MinReturn": 234.65493774414062, "Eval_AverageEpLen": 348.0, "Train_AverageReturn": 242.5177764892578, "Train_StdReturn": 17.46601104736328, "Train_MaxReturn": 269.8511047363281, "Train_MinReturn": 220.81150817871094, "Train_AverageEpLen": 353.8333333333333, "Actor Loss": -2.288780450820923, "Baseline Loss": 380.9171447753906, "Train_EnvstepsSoFar": 669009, "TimeSinceStart": 2829.094025373459, "Initial_DataCollection_AverageReturn": -192.26573181152344, "video_0": {"_type": "video-file", "sha256": "4e3dafef4f08893f583b73414be17ce365b46d07b6b443779a7a481575dcc72f", "size": 50094, "path": "media/videos/video_0_300_4e3dafef4f08893f583b.mp4"}, "_runtime": 2837.827587366104, "_step": 301, "video_1": {"_type": "video-file", "sha256": "bf9ef001483b4208bcb2d43f7deb81735ebb2ec15864277e6fe741dbba5b4d7e", "size": 50244, "path": "media/videos/video_1_301_bf9ef001483b4208bcb2.mp4"}, "_wandb": {"runtime": 2840}}