{"Eval_AverageReturn": 259.29730224609375, "_timestamp": 1720161803.947138, "Eval_StdReturn": 0.0, "Eval_MaxReturn": 259.29730224609375, "Eval_MinReturn": 259.29730224609375, "Eval_AverageEpLen": 1000.0, "Train_AverageReturn": 272.3743591308594, "Train_StdReturn": 44.25640106201172, "Train_MaxReturn": 327.58892822265625, "Train_MinReturn": 198.0994873046875, "Train_AverageEpLen": 1000.0, "Actor Loss": 4.058154106140137, "Baseline Loss": 13.122227668762207, "Train_EnvstepsSoFar": 505000, "TimeSinceStart": 1619.5949330329895, "Initial_DataCollection_AverageReturn": -707.273681640625, "video_0": {"_type": "video-file", "sha256": "eb3a7da2d39264410a019aa2aa849030dc08d566e649e346fe5e62f6f67b2c3a", "size": 29442, "path": "media/videos/video_0_100_eb3a7da2d39264410a01.mp4"}, "_runtime": 1629.252132177353, "_step": 101, "video_1": {"_type": "video-file", "sha256": "eb3a7da2d39264410a019aa2aa849030dc08d566e649e346fe5e62f6f67b2c3a", "size": 29442, "path": "media/videos/video_1_101_eb3a7da2d39264410a01.mp4"}, "_wandb": {"runtime": 1633}}