{"Eval_AverageReturn": -379.83038330078125, "_timestamp": 1720161595.75064, "Eval_StdReturn": 0.0, "Eval_MaxReturn": -379.83038330078125, "Eval_MinReturn": -379.83038330078125, "Eval_AverageEpLen": 1000.0, "Train_AverageReturn": -394.6661071777344, "Train_StdReturn": 57.65996170043945, "Train_MaxReturn": -305.390380859375, "Train_MinReturn": -463.647216796875, "Train_AverageEpLen": 1000.0, "Actor Loss": -50.322059631347656, "Train_EnvstepsSoFar": 404000, "TimeSinceStart": 1427.809815645218, "Initial_DataCollection_AverageReturn": -652.82958984375, "video_0": {"_type": "video-file", "sha256": "eb3a7da2d39264410a019aa2aa849030dc08d566e649e346fe5e62f6f67b2c3a", "size": 29442, "path": "media/videos/video_0_100_eb3a7da2d39264410a01.mp4"}, "_runtime": 1437.6265358924866, "_step": 101, "video_1": {"_type": "video-file", "sha256": "eb3a7da2d39264410a019aa2aa849030dc08d566e649e346fe5e62f6f67b2c3a", "size": 29442, "path": "media/videos/video_1_101_eb3a7da2d39264410a01.mp4"}, "_wandb": {"runtime": 1442}}