{"Eval_AverageReturn": -193.86257934570312, "_timestamp": 1720163087.0115008, "Eval_StdReturn": 9.345916748046875, "Eval_MaxReturn": -184.51666259765625, "Eval_MinReturn": -203.20849609375, "Eval_AverageEpLen": 287.0, "Train_AverageReturn": -76.56763458251953, "Train_StdReturn": 108.049560546875, "Train_MaxReturn": 112.67853546142578, "Train_MinReturn": -184.69464111328125, "Train_AverageEpLen": 395.8333333333333, "Actor Loss": -0.10863620042800903, "Baseline Loss": 2313.909912109375, "Train_EnvstepsSoFar": 660893, "TimeSinceStart": 2610.344235420227, "Initial_DataCollection_AverageReturn": -170.21800231933594, "video_0": {"_type": "video-file", "sha256": "d6a048b26abe9dd80d6ffe25c776676020dff1150566391532fdb71d910afb1b", "size": 61290, "path": "media/videos/video_0_300_d6a048b26abe9dd80d6f.mp4"}, "_runtime": 2621.150272846222, "_step": 301, "video_1": {"_type": "video-file", "sha256": "4a23b2f4310d301055304053b4445328fbe674cf5e262eb31098b644436aa886", "size": 86086, "path": "media/videos/video_1_301_4a23b2f4310d30105530.mp4"}, "_wandb": {"runtime": 2630}}